url,username,password,comment,tags
https://yandex.ru/,romainkarbushev@yandex.ru,MamaPapa14!,,
https://x39-saitjoy.website/register.html,Roman,MammaPapa10,,
https://google.com/,89242763630,MamaPapa13!,,
https://yandex.ru/,shopengo,Shopengo1029,,
https://gosuslugi.ru/,79243893624,Sergey0306!,,
https://xn--d1abkefqip0a2f.xn--p1ai/index.php/registratsionnaya-forma,karbusheval,AnjE5UbQ@BwH3C@,,
https://id.prosv.ru/signup,,wQGhqRUNDtx7JQn,,
https://live.com/,deniskaasanov@outlook.com,Denis_Asanov13,,
https://demo.yookassa.ru/new_order,,Xqv-jFU-qds-Mdb,,
https://windscribe.com/signup,RoSHkam,Z3Q48yEpgHecPB9,,
http://do.zabedu.ru/login/signup.php,karbusheval,Fyutk2103#,,
https://google.com/,karbusevalubov112,fyutk2103!,,
http://127.0.0.1/openserver/phpmyadmin/index.php,authentication_j,authentication_jwt,,
https://edu.rustest.ru/login/,karbusheva0312,3JVxKR7sgvU9xHs,,
https://gosuslugi.ru/,046-185-763 75,"<$27,5E,Pb$uecq",,
https://gosuslugi.ru/,Любовь,1A0gv~F(~aU,,
https://my-kassa.com/login,romainkarbushev@gmail.com,WU6ps_TQPj,,
https://resh.edu.ru/,karbusheval@yandex.ru,54wREaGgmVeVVfe,,
https://xn--80aafhhcdvf2b2k.xn--p1ai/auth/,karbusheval@yandex.ru,ezFA6jynWni5Tsw,,
https://ok.ru/,rgryh-trf,y5e-4xK-cLe-3y5,,
https://discord.com/channels/754274379571003452/766208701123002398,errormesage@roshkam.tk,Maiskie!Kanikuli1921...12.12,,
http://uup.irozk.ru/Account/Register,karbusheval@yandex.ru,ujX26zGh8hYttCg,,
https://mail.ru/,kss.sveta@mail.ru,v91dA50.m7mmenB.,,
https://db.fhgdps.com/,gdps_roshkamworld,BDsJRFN66Jfas2krmPvT2X,,
https://vk.com/,89243893624,Fyutk1961,,
http://127.0.0.1:81/openserver/phpmyadmin/index.php,roservers,roservers,,
https://login.sendpulse.com/registration/social/services/emailservice/,romainkarbushev@gmail.com,ifm77dyi58u,,
https://webpr.sportedu.ru/user/sign-in/abiturient-signup,kss.sveta@mail.ru,Ierusalim18,,
http://shs_hilk_10.hilk.zabedu.ru/wp-login.php,admin,J9kR2HvYbW,,
https://www.xn--d1abkefqip0a2f.xn--p1ai/index.php/registratsionnaya-forma,,"7BpW4,+4dPYd8/i",,
https://zaka-zaka.com/profile/auth/,,m3Plhr2Vkw,,
http://127.0.0.1:81/openserver/phpmyadmin/index.php,roshmetry.roservers,roshmetry.roservers!,,
https://vk.com/,79245024839,1q2w3e!1q2w3e,,
https://zelenka.guru/lost-password/5667060/confirm,,FEv-JbZ-pfB-bza,,
https://leader-id.ru/login,romainkarbushev@gmail.com,bSY6tNBV4G,,
https://testmoz.com/build,Психология в школе,!UdU986GKs*duww,,
https://restream.io/signup,RomanKarbushev,Mamaapapa10,,
https://files.roservers.tk/,files.roservers,UZPGU*A&NtU)a1ro%g,,
https://auth.robokassa.ru/partner/Login.aspx,admin,mD64v4J9r4,,
https://edu.rustest.ru/login/forgot_password.php,karbusheva1863,xd3VCcaMrVUjZSG,,
https://rzd-bonus.ru/cabinet/,9002336918054,7vvty890AAA,,
http://127.0.0.1:81/openserver/phpmyadmin/index.php,StipAdmin,rYrsx[WQZj_Q!EWx,,
android://UhbMtiAExFNPNceArXxYL07lKDceJ9QVHwVTMl3pzL5rNOxCM_X2QHA1gQU6v-owOXcnLReVhwTYm3cRKSpFaQ==@com.estrongs.android.pop/,gra-adv4-23.server.pro,K028e58CYQue0pMK,,
https://partner.robokassa.ru/Auth/Login,adminroma,FZt3Tgc4pA,,
https://yaoi-chan.me/index.php,RoSHkam,5mp-DWx-ZRx-4U8,,
https://live.com/,anastasiad939@outlook.com,Anastasiad-939,,
https://yandex.ru/,kiriildar,KiirilDar,,
https://windscribe.com/signup,BestRamScavanager,Ev3x8vAyHQY7,,
https://seosprint.net/login,romainkarbushev@gmail.com,85907VqAdN,,
http://127.0.0.1:81/openserver/phpmyadmin/index.php,roshkamservertest,roshkamservertest,,
https://steampowered.com/,RomanKarbushev,r1710.2007r1710.2007,,
https://edu.rustest.ru/login/forgot_password.php,karbusheva6659,hqj2gHc/wmBq[@p,,
https://oplatagosuslug.ru/main/gibdd/poshliny/,karbusheval@yandex.ru,ifL38gVRw@2bBGn,,
https://yandex.ru/,psycholupport@roshkam.tk,psycholupport1234!,,
https://feedback.fl.ru/users/1325120-viktoriechka/settings/,romainkarbushev@yandex.ru,0Mama0Papa0140!,,
https://xn--d1axz.xn--p1ai/registration/data,karbusheval@yandex.ru,i7bCfa5sVmJn6M6,,
https://sberbank.ru/,RoSHkam,Mama!Papa!14!,,
https://www.ivi.ru/cert/referral,karbusevsergej@gmail.com,KarbusevSergej,,
https://myheritage.com/,karbushev-s@mail.ru,sergei030660,,
https://gosuslugi.ru/,+7(924)5038812,7vvty890A@/.,,
android://UhbMtiAExFNPNceArXxYL07lKDceJ9QVHwVTMl3pzL5rNOxCM_X2QHA1gQU6v-owOXcnLReVhwTYm3cRKSpFaQ==@com.estrongs.android.pop/,ps.fhgdps.com,ZTGtgdC1juUkwy2sJmVSe6,,
http://testjoomla.roservers.tk/installation/index.php,testjoomla,MamaPapa14!!!,,
https://rsload.net/,RoSHkam,ce7-Jjq-ZWd-vQw,,
https://mail.ru/,karbushev.s@inbox.ru,KsKect5YSsuaX2h,,
https://www.minecraft.net/ru-ru/login,InFamous_Apex@easymc.io,zRvpZ5Lk1MToSlczJpq9,,
http://127.0.0.1:81/openserver/phpmyadmin/index.php,files.roservers,files.roservers!,,
http://uup.zabedu.ru/Account/Register,Любовь,cAPjqK26SMrUzSR,,
https://gosuslugi.ru/,79243893625,Fyutk-2103,,
https://ps.fhgdps.com/phpmyadmin/,gdps_rashikanikar,VU12ScKDI1Xs8Gm9yAcrgE,,
https://www.blablacar.ru/register/password,,u7VrCGjRPDfz3Z5,,
https://proektoria.online/login,LK_032905,EMPDL4S67W,,
https://rest-zone.ru/register,RoSHkam,5tq-pgB-Tum-CWb,,
https://ok.ru/dk,89243893624,Cthutq0306,,
https://steampowered.com/,RuSSKIy_SaLLer,rASSkyy_-_SAlller1248586BudetSdes,,
https://vk.com/,roshkamun@yandex.ru,Antone-MegraneAM239056!!!AM!,,
https://www.minecraft.net/ru-ru/login,Zair@easymc.io,ciLvKeSUkVcmuSzw1jKC,,
https://www.xn--d1abkefqip0a2f.xn--p1ai/index.php/registratsionnaya-forma,karbusheval,sdx4kV2Nr788,,
https://uchi.ru/,11,телефон7161,,
https://cloud.vkplay.ru/,gopniksemkuday@gmail.com,Kabasya2002,,
http://uup.zabedu.ru/Account/Register,КарбушеваЛД,Kekd3S6acvwqWWy,,
https://ilok.com/,romainkarbushev@gmail.com,gDv-83C-WCn-L2s,,
https://www.audiotool.com/user/romainkarb,RomainKarb,OKucxGy#Il,,
https://www.fotor.com/photo-editor-app/editor/basic,kss.sveta@mail.ru,7vvty890A=,,
https://www.boyfriendtv.com/,romainkarbushev@gmail.com,DwadwafdwfcFFwdWAee3D@#E,,
http://mysql4.joinserver.xyz:9999/,u116724_pLDh5bHuiQ,bV@3EbQgHBmh^Qs.q@CD.pKz,,
https://customer.dolby.com/product-registration,romainkarbushev@gmail.com,eHJ-kpQ-Twa-dJ8,,
http://mysql4.joinserver.xyz:9999/index.php,u116724_SbWjrZ0nIc,rNj@KFj^.3=p!bAdzhlgXeoL,,
http://mysql3.joinserver.xyz:9999/,u116724_rSG6pdI25L,YD2!OWsKE^fXMtPY9lI62SwI,,
https://yandex.ru/,mailforsaleandtimeaccount@roshkam.tk,AdminRoshkam1357mailforsaleandtimeaccount!,,
https://edu.rustest.ru/login/index.php,karbusheva1438,QQK7n-65D3Yw.aD,,
https://google.com/,mailforsaleandtimeaccount@roshkam.tk,MailForSaleAndTimeAccount,,
https://discord.com/register,romainkarbushev2007@gmail.com,Romashka2007.17.10,,
http://pooshock.ru/index.php,RoSHkam,igWa@H39xMgGuR2,,
android://LSrOS1iRZZphFmc7vP8DMt7NEiu9_pg7G2BHu6OH7nx-GSvmFRXnrL5ZKFIeOYeuLdLkOjOVBE2oFrUNMxc7cA==@com.idamob.tinkoff.android/,,1310 руб,,
https://it-edu.com/member/meroprijatija/pk-predmetniki/,karbusheval@yandex.ru,fyutk21031,,
https://start.bizon365.ru/kursy/38436,romainkarbushev@gmail.com,SIfUXNF3q,,
https://uchi.ru/,7777,32708оценка,,
https://steampowered.com/,Bumer_Ma_Kupi,1234bumer11mA00kuPI5487!!,,
https://obsproject.com/forum/login/login,romainkarbushev@gmail.com,MamaPapa101!,,
https://distant.dpo.mgppu.ru/login/forgot_password.php,karbusheval@yandex.ru,Fyutk2103!,,
android://-Kyd7N0kG3k5bd3raMny09HJCbzuOjL0PihrerghHeBdjxyePoMoyF_UyUjn7esrkMRaCfCQUNQEM9WyqQxuTQ==@com.zhiliaoapp.musically/,roshkam_oficial,"{""uid"":""6805902500475372549"",""token"":""f4fd4c15fb564691c0e4682068015ecb""}",,
http://event.zabedu.ru/login/index.php,t16554,b623acb4,,
https://ru-m.org/auth.php,romainkarbushev,nI4aM,,
https://acs5.sbrf.ru/ncs_01/acs/api/3ds/otp,,387382,,
https://rambler.ru/,eleseev1973,Igor1973,,
https://partners.playkey.net/auth/login,romainkarbushev@gmail.com,Ar06Jbs5,,
http://rich-birds.com/signin,romainkarbushev@yandex.ru,ReoRo75,,
https://secure.tinkoff.ru/,,1616,,
https://start.bizon365.ru/kursy/38436,r,HVSN9xKo,,
https://megafon.ru/,+7 924 389 36 25,xnz56n,,
http://uup.irozk.ru/Account/Login,КарбушеваЛД,3gnuTt7b,,
android://UCe5u39YLxP9F8SU8c8I6VpL4bfsQklbelzqSEiOmP2wRw2oQ3HYDqNYO1RFtlojzVq0g6WKE-DygB9oYEPckQ==@com.rs.explorer.filemanager/,n21.joinserver.xyz,7477,,
https://lcab.smsint.ru/,79242763630,586587,,
https://navigator.zabedu.ru/,karbuseval5@gmail.com,29.05.2005,,
https://ok.ru/,89243893624,03051956,,
https://bilet.worldskills.ru/participant/sign-in,BOXYFWDJFM,iog1SN89,,
https://educont.ru/registration,r17s08e31$RSE,Наталья,,
https://mail.ru/,karbushev-s,serg0306,,
https://bilet.worldskills.ru/participant/sign-in,C61G3I7688,7e28MSG7,,
https://rog.events/members/login/,romainkarbushev@gmail.com,OW8xQlp4,,
https://acs1.sbrf.ru/acs_08b/pa,,600633,,
https://navigator.zabedu.ru/,onisuk6938@gmail.com,25.02.2005,,
https://ea-miniapp.vkpay.io/,,8,,
https://smallgames.ws/redirect.html,логин,пароль,,
https://sberbank.ru/,W7821968896,7ZK4A7GK,,
https://pornoklad.live/,support@roshkam.tk,HuiHui123456,,
https://bilet.worldskills.ru/participant/sign-in,LSSYBKGJE3,C48pzo51,,
https://discord.com/channels/894797972490043393/894797972490043396,GuSi,GuSi101,,
https://testmoz.com/build,психология,123456789,,
https://megafon.ru/,+7 924 5038812,u5x9e5,,
https://megafon.litres.ru/,79242763630,pd2htrcb,,
https://headlineschool.ru/members/login,romainkarbushev@gmail.com,U211NHh3,,
https://lkfl2.nalog.ru/lkfl/,,Рошкам,,
http://127.0.0.1/openserver/phpmyadmin/index.php,paymaster,paymaster,,
https://privetmir.ru/auth/,+7 (924) 276-36-30,jHDFUM1!,,
https://google.com/,БАБА-ДЕДА,788889,,
https://www.netprint.ru/order/express-editor/bb866f158773fdc21f1b17c209cef19d,romainkarbushev@gmail.com,zYFyPP64,,
http://127.0.0.1/openserver/phpmyadmin/index.php,vkold,vkold,,
https://lkfl2.nalog.ru/lkfl/login,752301386497,a,,
https://mts.ru/,Fyutk21,Fyutk21,,
https://www.twitch.tv/alexjay666,RomanKarbushev,Mamapapa10,,
https://s01.webserv24.com/,roshkam,fd500859,,
https://iqsha.ru/uprazhneniya/4-klass/unknown-words4/,romainkarbushev@gmail.com,MamaPapa,,
https://iherb.com/,89246187625,7vvty890,,
https://region.zabedu.ru/asp/SetupSchool/CreateSecretAnswerToQuestion.asp,Мой основной пароль,Вдовина,,
https://megafon.ru/,9243893625,ao3nLu,,
https://navigator.zabedu.ru/,karbusheval@yandex.ru,26.11.2005,,
https://navigator.zabedu.ru/,artm.vlasov2006@gmail.com,28.01.2006,,
https://my.selectel.ru/registration,romainkarbushev@gmail.com,MamaPapa0,,
https://gosuslugi.ru/,04618576375,PzYWeWam,,
https://account.animarender.com/login,romainkarbushev@gmail.com,M,,
https://megafon.ru/,+7 924 389 36 24,8rxxig,,
https://forum.hiasm.com/guilogin/,RomanRU,}fK9&DqT,,
http://base.roservers.com/post.html,ас,а,,
http://base.roservers.com/post.html,ass,wow,,
http://www.zabedu.ru/index.php,shs_hilk_10.hilk,10School_hilok,,
http://127.0.0.1/openserver/phpmyadmin/index.php,users_local,users_local,,
http://127.0.0.1/login/register.php,ef,egtetgeesfrt,,
http://127.0.0.1/login/login.php,efghfgfgf,egtetgeesfrtfgf,,
https://yandex.ru/,support,AdminRoshkam1357Support!,,
https://yandex.ru/,89242763630,MamaPapa10,,
android://5rRM8PPBPj3EPkM6iL90SRy6dHIOppil0MjrovI_zT5mzqQfnlBj9Ue00H32wQNMEPVigcbEwNs4UK5o1ASWCw==@io.you.money/,79242763630,MamaPapa10,,
android://waNWB58ZI1ckoxR3l7EEvSGqXXKmOCXosv7L5Fp3XC2BKZvUc0MDy3QsrgfXpb8yAwDnLyeO_cuQgpsQIf7qnA==@com.edadeal.android/,romainkarbushev,MamaPapa10,,
https://www.istockphoto.com/ru/join,romainkarbushev@gmail.com,MamaPapa10!,,
https://www.anketka.ru/ru/,romainkarbushev@gmail.com,MamaPapa14,,
https://web.telegram.org/k/,31088,MamaPapa10,,
android://UhbMtiAExFNPNceArXxYL07lKDceJ9QVHwVTMl3pzL5rNOxCM_X2QHA1gQU6v-owOXcnLReVhwTYm3cRKSpFaQ==@com.estrongs.android.pop/,gdps_roshkamworld,bQnrk3xuGXlau5kVyHkbCm,,
https://xn--d1abkefqip0a2f.xn--p1ai/index.php/registratsionnaya-forma,karbusheva,XNqGBW26ROhw,,
https://mail.ru/,3250139,MamaPapa14!,,
https://infourok.ru/webinar/49.html,karbusheval@yandex.ru,Lubov1961!!,,
https://id.blender.org/register/password/MzEwMDc0/set-password/,RoSHkam,MamaPapa10,,
android://uW3kcM4-oK_rKYw4v27nS1LgbYK_3v5ca3Z1BkkOK3lXA2oR0nw-VsypaUtbZ7HXA3OVJubgMted0TreamCI8Q==@lysesoft.andftp/,gdps_roshkamworld,bQnrk3xuGXlau5kVyHkbCm,,
https://mail.ru/,Карбушева,Brigada_10,,
https://portal.deepmotion.com/,romainkarbushev@gmail.com,MamaPapa14!,,
https://megafon.ru/,+7 924 276 36 30,MamaPapa10,,
https://farm.turborender.com/auth/register,karbusheva1708@gmail.com,r17s08e31$RSE,,
https://genshin.hoyoverse.com/ru/gift,romainkarbushev@gmail.com,MamaPapa14!,,
http://event.zabedu.ru/login/forgot_password.php,karbusheval@yandex.ru,Lubov1961!,,
http://base.roservers.com/authorization/register.php,"dura""",123,,
https://navigator.zabedu.ru/blog/57,rom,MamaPapa10,,
https://google.com/,romainkarbushev@gmail.com,Papa!Mama!14!,,
https://login.wmtransfer.com/GateKeeper/Password/c82e91b0-2a96-4d84-b437-dfeeda024171.aspx,79242763630,MamaPapa10,,
https://yandex.ru/,ros,fyutk2103.1961,,
https://aminoapps.com/c/vzakhleb/page/item/kak-napisat-istoriiu-v-vzakhliob/oEdP_8esoI7NPpRk2gW0J1KKlER8kNPPbj,,MamaPapa10,,
https://24serv.pro/auth/register,RoSHkam,MamaPapa10,,
https://accounts.chatbot.com/signup,romainkarbushev@gmail.com,MamaPapa14!,,
https://live.com/,eliesanurekf@outlook.com,MamaPapa14!,,
https://accounts.shutterstock.com/users/new,romainkarbushev@gmail.com,MamaPapa10,,
https://oauth.p.gfn.ru/auth/realms/GFN/login-actions/registration,romainkarbushev@gmail.com,MamaPapa10,,
http://game.gdpseditor.com/server/tools/account/registerAccount.php,RoSHkam,MamaPapa14,,
http://192.168.0.22:4747/,RoSHkam,MP10,,
android://M2_AGWi3Y7_JnwzrXrjuTxFUvqZ87gAkEBSmbRFXrgJzxIaB9K9cIcWmmaLH79UOGeVFfmKg9gSHGvSjdQFBQQ==@com.shazam.android/,romainkarbushev@gmail.com,,,
https://beeline.ru/,romainkarbushev@gmail.com,MamaPapa10,,
https://polus.atom.online/auth/register.php,romainkarbushev@gmail.com,MamaPapa14!,,
https://account.samsung.com/accounts/v1/FMM2/signInGate,romainkarbushev@gmail.com,MamaPapa11,,
https://my.hostiman.ru/register,romainkarbushev@gmail.com,MamaPapa14!,,
https://yookassa.ru/yooid/signin/step/password,79242****30,MamaPapa14!,,
https://nic.ru/auth/registration/,+7 924 276-36-30,MamaPapa14,,
https://restream.io/,romainkarbushev@gmail.com,MamaPapa10,,
https://accounts.autodesk.com/User/SignUp,romainkarbushev@yandex.ru,MPmp1986,,
https://theredheadsound.ru/,RoSHkam,PapaMama14!,,
android://KuAD1SH86_og9J_kEFyjfSk7TpqnnE7EpV3M6xNvhtgg6pasXjKLJCPyxzEUcUSsKlE4MlSqN0YK17t_REn2iQ==@com.vkontakte.android/,romainkarbushev@gmail.com,Fyutk2103,,
http://base.roservers.com/authorization/register.php,romainkarbushev@yandex.ru,123,,
https://region.zabedu.ru/about.html,Карбушева,fyutk2103,,
https://freekassa.ru/auth/registration,romainkarbushev@gmail.com,MamaPapa14!,,
https://pass.media/cas/login,+7 924 276 36 30,MamaPapa10,,
https://mail.ru/,romainkarbushev@gmail.com,PapaMama10!,,
https://fl.ru/account/registration/,eliesanurekf@outlook.com,0Mama0Papa0140!!!,,
https://avito.ru/irkutsk/muzykalnye_instrumenty/sintezator_2536839291,79242763630,MamaPapa14!,,
https://qiwi.com/,+79242763630,MamaPapa10!,,
android://Yvtr5B9wAS9FrZUwjtOdLLqmaG5YQqQ3hQnGFedmTGV0Pw-tvJN8aKjYb0JgtRGMZPZwvIPj6bdfLcHXVTxoHA==@com.momobills.billsapp/,+79242763630,,,
https://7m.pl/register.html,RoSHkam,MamaPapa14!,,
https://gosuslugi.ru/,kss.sveta@mail.ru,7vvty890=?A,,
https://vk.com/,+79242763630,PapaMama10,,
https://yandex.ru/,news@roshkam.tk,AdminRoshkam1357News!,,
https://qiwi.com/,+79242763630,MamaPapa14!,,
https://panel.allmy.blog/,romainkarbushev@gmail.com,MamaPapa10,,
https://xvideos.com/,romainkarbushev@gmail.com,MamaPapa1010,,
https://market.evotor.ru/store/auth/login,+7 (924) 276-36-30,MamaPapa14,,
https://mail.ru/,10school_hilok@mail.ru,Brigada_10,,
https://region.zabedu.ru/about.html,КарбушевР,MamaPapa10,,
http://www.boomlings.com/database/accounts/accountManagement.php,RoSHkam,MamaPapa10,,
android://UhbMtiAExFNPNceArXxYL07lKDceJ9QVHwVTMl3pzL5rNOxCM_X2QHA1gQU6v-owOXcnLReVhwTYm3cRKSpFaQ==@com.estrongs.android.pop/,95.217.71.75,MamaPapa10,,
https://aliexpress.com/,romainkarbushev@gmail.com,MamaPapa10,,
android://nSBZJvQLz5VhUtSJCHKx6bg77pJxs5Yfz37tqCuhfEOVRBg5e29Z1Te9E1TA8L0qeCdHvnWjRC763ui7G_HR0Q==@ru.wall7Fon/,romainkarbushev@gmail.com,MamaPapa10,,
https://speedtest.net/ru/login,romainkarbushev@gmail.com,MamaPapa10,,
http://127.0.0.1/openserver/phpmyadmin/index.php,wordpress-engine,MamaPapa14!,,
https://cryptopro.ru/user/register,romainkarbushev@gmail.com,MamaPapa14!,,
https://app.jivo.ru/login,romainkarbushev@gmail.com,MamaPapa14!,,
https://nakruti.su/,NataliaKarbusheva,r17s08e31$RSE,,
https://forum.hiasm.com/guilogin/,RoSHkam,MamaPapa10,,
android://HMmbKIXIj03jXgRo7kkrqolGDytQdF8SgnYtRfJ_JUTrlSYwYjd09nUv-x4wR5Ua1UfwpYfryjwDsC7taw__3A==@ai.moises/,romainkarbushev@gmail.com,Boom1234,,
https://b2c.passport.rt.ru/auth/realms/b2c/protocol/openid-connect/auth,+7 924 276-36-30,MamaPapa14!,,
https://apidog.ru/6.6/,romainkarbushev@gmail.com,PapaMama10,,
https://v-c.tech/registration,romainkarbushev@gmail.com,MamaPapa14!,,
https://my.livetex.ru/start,+79242763630,MamaPapa10,,
https://passport.twitch.tv/logins/new,,MamaPapa10,,
https://spigotmc.org/login/login,RoSHkam,MamaPapa14!,,
http://www.napdeti.ru/auth/,Роман Карбушев,MamaPapa10,,
android://H4gsmWVAo94-E03DQ_sq-A89KoUxrA52pMwHyPEaTbyhHy6n6Rh0LrySLP85wIWAmtoHLVBoOaJOPEO4mheLaQ==@com.alightcreative.motion/,romainkarbushev@yandex.ru,,,
https://golden-mines.biz/signup,RomanKarb,MamaPapa10,,
https://znanija.com/login,romainkarbushev@gmail.com,MamaPapa10,,
http://roservers:1515/,admin,admin,,
http://www.myshared.ru/user/slides/,romainkarbushev@gmail.com,MamaPapa14,,
https://static.vk.com/,+7********30,MamaPapa11,,
http://192.168.0.17:4747/,RoSHkam,MP10,,
https://sberbank.ru/,karbusheval,Lubov1961!,,
https://adobeid.services.adobe.com/reset/en_US,,MamaPapa10,,
https://band.link/registration,romainkarbushev@gmail.com,MamaPapa10,,
android://iJ_7Z9vzNWScpgs3xcRVeBCCs7Xf2m7OBD2cuOmyMuRVIPzImc71OXm710YLLmr4h0eomwWU6R2q2ApsrbR95Q==@me.skyvpn.app/,romainkarbushev@gmail.com,MamaPapa10,,
https://ok.ru/,romainkarbushev@gmail.com,PapaMama14!,,
https://freelance.ru/registration/light,AlexBRA,0Mama0Papa0140!!!,,
https://github.com/session,Romankarb,MamaPapa10!,,
https://10mar.freekinoplay3.online/,RoSHkamhik,MamaPapa14!,,
https://spark-ar.ru/,RoSHkam,MamaPapa10,,
https://ticket.rzd.ru/auth/registration,ЛюбовьКар,fyutk2103,,
https://yookassa.ru/yooid/signin/step/password,romai***ev@yandex.ru,MamaPapa10,,
android://-Kyd7N0kG3k5bd3raMny09HJCbzuOjL0PihrerghHeBdjxyePoMoyF_UyUjn7esrkMRaCfCQUNQEM9WyqQxuTQ==@com.zhiliaoapp.musically/,romainkarbushev@yandex.ru,MamaPapa14!,,
https://getrad.co/signup/,romainkarbushev@gmail.com,MamaPapa10,,
https://panel.allmy.blog/user-profile,7924763630,MamaPapa10,,
https://socpublic.com/auth_signup.html,RomanKarb,MamaPapa10,,
http://base.roservers.com/wordpress/wp-admin/admin.php,roshkamun@yandex.ru,MamaPapa14!!,,
https://www.instagram.com/accounts/emailsignup/,RomanKarb,MamaPapa11,,
https://my.account.sony.com/central/signin/,RoSHkam,MamaPapa10!,,
https://tlauncher.org/,RoSHkam,MamaPapa14,,
http://192.168.0.19:4747/,RoSHkam,MP10,,
https://fl.ru/account/registration/,romainkarbushev@yandex.ru,0Mama0Papa0140!!!,,
https://sketchfab.com/,romainkarbushev@gmail.com,MamaPapa10,,
https://fix-price.com/bonus,Артемович,MamaPapa14,,
https://beginner.future2050.space/submit,,MamaPapa14,,
https://live.com/,sergeykarbushev@outlook.com,MamaPapa10,,
http://base.roservers.com/authorization/register.php,123,123,,
https://google.com/,karbuseval5@gmail.com,Lubov1961!!,,
https://olymp.msu.ru/rus/register/,romainkarbushev@gmail.com,MamaPapa10,,
https://twitter.com/,79242763630,MamaPapa10,,
https://www.xn--d1abkefqip0a2f.xn--p1ai/index.php/registratsionnaya-forma,karbusheval@yandex.ru,XNqGBW26ROhw,,
https://oge.sdamgia.ru/register,romainkarbushev@gmail.com,MamaPapa14!,,
https://id2.action-media.ru/Logon,karbusheval@yandex.ru,Lubov1961,,
android://UhbMtiAExFNPNceArXxYL07lKDceJ9QVHwVTMl3pzL5rNOxCM_X2QHA1gQU6v-owOXcnLReVhwTYm3cRKSpFaQ==@com.roblox.client/,Romankarbushev,MamaPapa10,,
https://noip.com/sign-up,romainkarbushev@gmail.com,MamaPapa14!,,
http://roservers.tk:1515/,admin,admin,,
https://login.gaijin.net/ru/sso/login/,romainkarbushev@gmail.com,MamaPapa10,,
https://trashbox.ru/fresh/register/,RoSHkam,MamaPapa10,,
http://65.108.21.147:25687/login.html,RoSHkam,MamaPapa10,,
http://oneland.su/register,romainkarbushev@gmail.com,MamaPapa10,,
https://preemstvennost.ru/lichnyj-kabinet/register,karbusheval,Fyutk2103,,
https://vk.com/,romainkarbushev@gmail.com,PapaMama10,,
https://wargaming.net/,romainkarbushev@gmail.com,MamaPapa14,,
https://text.ru/registration,romainkarbushev@gmail.com,MamaPapa10!,,
https://app.aimylogic.com/register,romainkarbushev@gmail.com,MamaPapa10,,
android://f7tko3XCAU_rB8l39247fcid3NTYmgcEQ4sOuXhTYZF45SkARBJa--foDdTmXtnu8PKcc3e25kLmaLcv-yzl2g==@to.tawk.android/,romainkarbushev@gmail.com,MamaPapa10,,
https://facebook.com/,+79242763630,PapaMama10!,,
http://192.168.0.10:4747/,RoSHkam,MP10,,
android://BUi3vpJapuiQqpWQUdO7LVc7haroYELym0lKoadfKcXfV4LgV0V18zAGwx1jVqXQKZ2Xgdt5Yu_qeI3DHfPj1Q==@com.alibaba.aliexpresshd/,romainkarbushev@gmail.com,MamaPapa10,,
https://renderman.pixar.com/login,RoSHkam,MamaPapa14,,
android://OEZ1gOxO71N06mbjKEqueuofBfcVskLfNATBY7p1RfoGoqBtYzsBCQD77iE7P8eRno3iIeED7Wd8qYHs2bmimw==@us.zoom.videomeetings/,romainkarbushev@gmail.com,MamaPapa10,,
https://facebook.com/,89242763630,MamaPapa10,,
https://ru.wikipedia.org/w/index.php,RoSHkam,MamaPapa14!,,
https://online.moysklad.ru/app/,Основной склад,MamaPapa14,,
https://www.epidemicsound.com/subscriptions/create/,romainkarbushev@gmail.com,MamaPapa10!,,
https://placeit.net/c/videos/stages/epic-intro-video-creator-featuring-a-colorful-explosion-1715-el1,romainkarbushev@yandex.ru,MamaPapa10,,
android://qbMQCZh-CU_SBn04UFat_bLMSicoFKWYI0MzXmOdBklD5gJcvH42kD8GXA5lvZmtq1ON0Dd8FAT6SLUIlwNUqA==@com.instagram.lite/,romainkarbushev@gmail.com,MamaPapa11,,
android://LWLa1Cn45SHsDlvGHivdtfoVxxr0j4j7SC5zVPCde9s0wekbXtFhzhva-A6Kg0DDHHwG3Q2Bk8Jrs7Q2CPT5hA==@com.teamviewer.teamviewer.market.mobile/,romainkarbushev@gmail.com,MamaPapa10,,
android://dKranQB7c5H2WKHJF5rygyRh5-vrf7ZVODNX_XoJgJ5YncxgwK7vbH1kZrYCLmv68MEawe5nFA-sfKQk9mrbFQ==@tv.twitch.android.app/,RomanKarbushev,MamaPapa10,,
https://lkfl2.nalog.ru/lkfl/profile,romainkarbushev@gmail.com,MamaPapa14!,,
https://xn--80aidamjr3akke.xn--p1ai/,karbusheval@yandex.ru,fyutk2103,,
https://sberbank.ru/,+7 (924) 389-36-24,IRY46Y85,,
https://www.videezy.com/signups/join_premium,romainkarbushev@gmail.com,MamaPapa10!,,
http://192.168.1.102:4747/,RoSHkam,MP10,,
https://rzd-bonus.ru/cabinet/,karbusheva1708@gmail.com,r17s08e31$RSE,,
https://digitaldictation.ru/quiz/auth/create,romainkarbushev@gmail.com,MamaPapa10,,
https://h5p.org/user/register,RoSHkam,MamaPapa10,,
https://pochta.ru/,79242763630,MamaPapa10,,
https://enot.io/signup,romainkarbushev@gmail.com,MamaPapa10,,
https://nakruti.su/,RoSHkam,MamaPapa10,,
https://accounts.binance.com/ru/registerFlow,romainkarbushev@gmail.com,MamaPapa14!,,
http://base.roservers.com/authorization/register.php,dura,123,,
https://zetflix.online/films/krueeela/,RoSHkam,MamaPapa14,,
https://www.bricklink.com/v3/register/main.page,romainkarbushev@gmail.com,MamaPapa14!,,
https://dash.cloudflare.com/login,romainkarbushev@gmail.com,MamaPapa14!,,
https://app.spline.design/,romainkarbushev@gmail.com,MamaPapa10,,
https://niantic-sso.kws.superawesome.tv/en/register,RomanKarbushev,MamaPapa10,,
https://yandex.ru/,support@roshkam.tk,MamaPapa14!!,,
https://sso.pokemon.com/sso/login,RomanKarbushev,MamaPapa10!,,
https://mixdrop.ru/reg,RoSHkam,MamaPapa10,,
https://billing.radioheart.ru/users/65523/edit,79242763630,MamaPapa14,,
https://account.xp-pen.com/reg/index.html,romainkarbushev@gmail.com,MamaPapa10,,
https://dash.cloudflare.com/sign-up,romainkarbushev@yandex.ru,MamaPapa14!,,
https://mail.ru/,romainkarbushev@mail.ru,PapaMama10!,,
https://stablediffusion.fr/signup,romainkarbushev@gmail.com,MamaPapa14!,,
android://WcAc226rVreOp7ebF1YS9NGYgvLhItJWsrBTvyBNuhhPrvv41rkXnm5Tao7reb9-tLpSJ4voFoZcEl0lecnquA==@cn.xiaofengkj.fitpro/,romainkarbushev@gmail.com,MamaPapa10,,
https://hilok-kalinina.sushi-love.ru/login/index.php,Роман Карбушев,MamaPapa14!,,
http://95.189.100.231/,admin,MamaPapa14!,,
https://nakrutka.by/login.php,RomanKarbushev,MamaPapa10,,
https://yandex.ru/,errormesage@roshkam.tk,AdminRoshkam1357ErrorMesage!,,
https://kwork.ru/,romainkarbushev@gmail.com,MamaPapa14!,,
https://shield.land/settings/,romainkarbushev@yandex.ru,MamaPapa14!,,
https://myprofile.s7.ru/,+79242763630,MamaPapa14!,,
https://id7.cloud.huawei.com/CAS/portal/login.html,romainkarbushev@gmail.com,MamaPapa10,,
https://studio.screenspace.io/auth/login/,romainkarbushev@gmail.com,MamaPapa10,,
https://yookassa.ru/yooid/signup/step/password,79242763630,MamaPapa14,,
https://radicalmotion.com/,romainkarbushev@gmail.com,MamaPapa14!,,
https://auth.services.adobe.com/en_US/index.html,ro,MamaPapa10,,
https://rich-birds.com/signin,romainkarbushev@yandex.ru,MamaPapa10,,
https://kinoplay2.net/,romainkarbushev@yandex.ru,MamaPapa14!,,
https://xn--d1abkefqip0a2f.xn--p1ai/index.php/registratsionnaya-forma,karbusheval!,fyutk2103,,
https://portal.deepmotion.com/,romainkarbushev@gmail.com,MamaPapa14,,
https://tlauncher.org/,RomaKar,MamaPapa10,,
https://live.com/,+7 924 804-84-68,MamaPapa10,,
android://-UEzckGl7ln_m_E5LKpW2ieDeTxmK0rQDrQLEd7cPQ0DkHdQ3RRyAdeATxo7n0TsjRa4TwuWljU98b9Cs5IR_g==@ru.vakkuum.webjenkins/,romainkarbushev@gmail.com,MamaPapa10,,
https://www.uralairlines.ru/cabinet/registration/,79242763630,MamaPapa14!,,
https://mega.nz/confirmQ29uZmlybUNvZGVWMhvZ-0mDCAAIGIpSBgWOzHJvbWFpbmthcmJ1c2hldkBnbWFpbC5jb20J0KDQvtC80LDQvdCa0LDRgNCx0YPRiNC10LIl6r8k_rfdjw,romainkarbushev@gmail.com,MamaPapa10,,
https://hd.kinoplay2.site/,RoSHkamhik,MamaPapa14!,,
http://testwordpress.roservers.tk/wp-admin/install.php,wordpress-engine,MamaPapa14!,,
android://2Q82TiAojrruN4q56Ttwb9pRQAkZ73TAEh2r0iatwKG7k2pb9_aRB1c9XJKShM5Dyc-tFk3cdk7gxb7FTpaKrw==@com.nexstreaming.app.kinemasterfree/,romainkarbushev@gmail.com,MamaPapa10,,
android://BnX9M66KmaqmzgqWgQxmbrJB_wO0ST53-DUZCnxDdLwf4JAsUtM2kKGudjeBclJFUquAP2JTpypk9qobA6PGMA==@com.discord/,SuperBro,MamaPapa10,,
https://www.xnxx.com/video-m8w65e8/_-_gayc_,romainkarbushev@gmail.com,MamaPapa1010,,
https://mail.ru/,3225673,MamaPapa10!,,
https://www.dreamstime.com/winter-full-spherical-hdri-panorama-degrees-angle-view-path-snowy-pinery-forest-equirectangular-projection-vr-ar-content-image220904163,romainkarbushev@gmail.com,MamaPapa10!,,
https://sznation.ru/index/3,89243893625,Fyutk2103,,
https://google.com/,romainkarbushev@radm.ru,MamaPapa10,,
https://xn----7sbjacfebyblk2cj1abkgb2b0e.xn--p1ai/%D0%BA%D0%B0%D0%B1%D0%B8%D0%BD%D0%B5%D1%82/,karbusheval@yandex.ru,Lubov1961!,,
http://192.168.1.101:4747/,RoSHkam,MP10,,
android://V1Z-Lc47LNiXX6-rL5aAed7Hp0gOzuEJox2rAGdoTfHVuZuxs6K3CfG4EOadON3p9Lp6e-aRAq3D0mJyn9ka-A==@com.yandex.browser/,romainkarbushev,MamaPapa10,,
https://yandex.ru/,site-support,AdminRoshkam1357SiteSupport!,,
http://www.napdeti.ru/personal/profile/,karbusheval@yandex.ru,fyutk2103,,
http://base.roservers.com/authorization/register.php,Bomba,12345,,
https://vrchat.com/home/register,RoSHkam,MamaPapa14!,,
https://yandex.ru/,roshkamun@yandex.ru,MamaPapa14!!,,
https://youtubeplaylist.cc/login,romainkarbushev@gmail.com,MamaPapa10,,
http://www.xn--80acqkxbs.xn--p1ai/community/registration,Любовь2103,Fyutk2103,,
http://base.roservers.com/authorization/register.php,suka3,123,,
https://www.roblox.com/Login,SergKarbushev,MamaPapa10!,,
https://vrchat.com/home/login,romainkarbushev@gmail.com,MamaPapa14!,,
android://GWgfvzqrkdl1QJfdP9Bor8Xw2tSGn0-bVk1_DIVerekkRWQUxX8Cty35Md4he8kA8TjCezjAclTeDcfzeizrmA==@com.Playrion.AirlinesManager2/,romainkarbushev@gmail.com,MamaPapa10,,
https://mail.ru/,school10_hilok,10sch_hil,,
https://misterhorse.com/users,romainkarbushev@gmail.com,MamaPapa10,,
android://TJ_fKlYCN0V1jy1XlmZlJtTsenhpKr-ux8h-aZUsTrCAQcI0B3UoJoYyF3-2XNoovSENvbmcZtFh7UtI3T8Skw==@io.utk.android/,RomaKarbushev,MamaPapa10,,
https://twitch.tv/login,RoSHkam,Mama-Papa-14!,,
https://live.com/,romankarbushev@outlook.com,MamaPapa10,,
https://vk.com/login,+7********30,PapaMama10,,
https://lava.ru/signup,romainkarbushev@gmail.com,MamaPapa14!,,
https://auth.sberclass.ru/auth/realms/EduPowerKeycloak/login-actions/required-action,karbusheva-lyubov,Fyutk2103,,
https://vto.pe/,romainkarbushev@gmail.com,MamaPapa10,,
https://b2c.passport.rt.ru/auth/realms/b2c/protocol/openid-connect/auth,+7 924 502-48-39,r17s08e31$RSE,,
https://rgmechanics.info/index.php,RoSHkam,MamaPapa14,,
http://base.roservers.com/authorization/register.php,sds,123,,
https://auth.services.adobe.com/ru_RU/deeplink.html,romainkarbushev@gmail.com,MamaPapa10,,
https://apple.com/,romainkarbushev@gmail.com,MamaPapa10,,
https://mylead.global/ru/register,RoSHkam,MamaPapa10,,
https://yandex.ru/,roshkam,MamaPapa10,,
https://booking.zabedu.ru/admin/,school10_hilok@mail.ru,10sch_hil,,
https://streamdps.ru/panel/register/,RoSHkam,MamaPapa10,,
https://auth.leonardo.ai/signup,romainkarbushev@gmail.com,MamaPapa14!,,
https://google.com/,89242763630,MamaPapa10,,
https://wallet.duinocoin.com/,RoSHkam,MamaPapa14!,,
https://poisk.vid.ru/,karbusheva karbusheva@yadex.ru,fyutk2103,,
https://my.account.sony.com/central/signin/,romainkarbushev@gmail.com,MamaPapa14!,,
android://7Fhvut5bKuqfukMiCzS-Ow-_3inZTpwbZmLRXSzvk1jN3ebsaPGLSkTY9xSEWzVIQv6tuToxE9kYWKkxw-SewQ==@com.lognex.mobile.pos/,admin@romainkarbushev,MamaPapa10,,
android://V1Z-Lc47LNiXX6-rL5aAed7Hp0gOzuEJox2rAGdoTfHVuZuxs6K3CfG4EOadON3p9Lp6e-aRAq3D0mJyn9ka-A==@ru.yandex.mail/,errormesage@roshkam.tk,AdminRoshkam1357ErrorMesage!,,
https://robochat.io/login,romainkarbushev@gmail.com,MamaPapa10,,
https://uid.me/,romainkarbushev@gmail.com,MamaPapa14,,
android://V1Z-Lc47LNiXX6-rL5aAed7Hp0gOzuEJox2rAGdoTfHVuZuxs6K3CfG4EOadON3p9Lp6e-aRAq3D0mJyn9ka-A==@ru.yandex.mail/,romainkarbushev,MamaPapa10,,
https://vsemayki.ru/,R,MamaPapa10,,
https://id2.action-media.ru/Logon,school10_hilok@mail.ru,123456,,
https://signin.ea.com/p/originX/login,romainkarbushev@gmail.com,MamaPapa14!,,
https://hypixel.net/register/,RoSHkam,MamaPapa14!,,
https://infourok.ru/,romainkarbushev@gmail.com,MamaPapa14!,,
https://www.videocopilot.net/support/category/account/,romainkarbushev@gmail.com,MamaPapa10,,
https://felipedelrio.gumroad.com/l/msJMr,,MamaPapa10!,,
https://xn--90acagbhgpca7c8c7f.xn--p1ai/,romainkarbushev@gmail.com,MamaPapa14!,,
https://freesound.org/home/login/,RoSHkam,MamaPapa10,,
https://account.protonvpn.com/signup/account,RoSHkam,MamaPapa14,,
https://www.speedrun.com/activate/63a64f32a511949e6f745b10b582d273e4d6c2f9,,MamaPapa10,,
android://WXJN2HboBtYW4lN7TZdqplqOlmCzyKjSPdKmg2m9UPCps_xBcRYDzbdoiHpj0hrpzRbfwqTx119YiLzLt2iVYQ==@com.digidust.elokence.akinator.freemium/,romainkarbushev@gmail.com,MamaPapa10!,,
https://www.weblancer.net/remind/,romainkarbushev@gmail.com,MamaPapa14!,,
android://UhbMtiAExFNPNceArXxYL07lKDceJ9QVHwVTMl3pzL5rNOxCM_X2QHA1gQU6v-owOXcnLReVhwTYm3cRKSpFaQ==@com.avcrbt.funimate/,RoSHkam,MamaPapa10,,
https://discord.com/login,romainkarbushev@yandex.ru,MamaPapa10,,
https://my.hosting-minecraft.pro/register.php,romainkarbushev@gmail.com,r1710.2007!a1711.2007,,
android://JwOC92iaiSbiQ42QnWtZAfd_s-z69d0EUgTJGKS_Nqtxno5sycz5RMOtwcpdRgQ3YpuOp5EwnDqxdktbP4jmkQ==@com.octopod.russianpost.client.android/,79242763630,MamaPapa10,,
https://yandex.ru/,notifications@roshkam.tk,AdminRoshkam1357Notifications!,,
android://V1Z-Lc47LNiXX6-rL5aAed7Hp0gOzuEJox2rAGdoTfHVuZuxs6K3CfG4EOadON3p9Lp6e-aRAq3D0mJyn9ka-A==@ru.yandex.mail/,roshkamun,MamaPapa10,,
https://accounts.autodesk.com/logon,romainkarbushev@gmail.com,MPmp1986,,
https://checkout.minecraft.net/de-de/store/minecraft/,romainkarbushev@gmail.com,MamaPapa10,,
https://shield.land/blogs,romainkarbushev@gmail.com,MamaPapa14!,,
https://spigotmc.ru/threads/coreprotect-v19-1-1-14-x-1-16-x.1935/,RoSHkam,MamaPapa14!,,
android://oSET7mZc89KiZyKq7RRRIbnEV5w0HuRUU4PzVGHL_Bv7UWipa_Ra-YjLcXQQfKh9zrzlR4zoiR3fCD62qYoZYA==@com.jivosite.mobile/,romainkarbushev@gmail.com,MamaPapa10,,
https://findclone.ru/,79242763630,MamaPapa10,,
https://riftcat.com/account/manage,romainkarbushev@gmail.com,MamaPapa10,,
android://FexrdhN_BkvwzH0yrMLeZYtdyIHW_C6opf5FUs1xzVP4TbwPPtMBnvI2dpxCYjFx_IiJyoHn54ihdn-durNh0w==@com.milos.design/,romainkarbushev@gmail.com,MamaPapa10,,
https://ru.namemc.com/create-password,romainkarbushev@gmail.com,MamaPapa14!,,
https://www.jigsawplanet.com/,RoSHkam,MamaPapa14!,,
https://yandex.ua/,romainkarbushev@yandex.ru,MamaPapa14!,,
https://freedns.afraid.org/signup/,RoSHkam,MamaPapa14!,,
https://signin.ea.com/p/web2/accountUpgrade,RomanKarbushev,MamaPapa10,,
https://steadyhost.ru/lk/billing.php,sohosting,r1710.2007!a1711.2007,,
http://localhost:1515/,admin,admin,,
https://logiclike.com/cabinet,,fyutk2103,,
https://ru.pinterest.com/pin/799740846345608401/,romainkarbushev@gmail.com,MamaPapa14,,
https://account.games2gether.com/register,RoSHkam,MamaPapa10,,
https://onlinetestpad.com/ru/account/register,romainkarbushev@gmail.com,MamaPapa10,,
https://smsc.ru/reg/,RoSHkam,MamaPapa10,,
android://RiCX2E7EDTTKvoy5a5wdOBg9xyTrR6i4B_DahjEAqJ0wQdIZ6p-m2i3Y4UvNN30DGQvqVzPVXzgv3hsb-dlo5g==@com.sand.airmirror/,romainkarbushev@gmail.com,MamaPapa10,,
https://facebook.com/,RoSHkam Authorization System,PapaMama10!,,
https://gosuslugi.ru/,+7 (924) 276-36-30,MamaPapa10!,,
https://us05web.zoom.us/activate,Карбушев,MamaPapa10,,
https://vsemayki.ru/cart,romainkarbushev@gmail.com,MamaPapa10,,
https://render.ru/ru/,romainkarbushev@gmail.com,MamaPapa14,,
http://192.168.0.1/,admin,MamaPapa14!,,
https://pro.selfwork.ru/login,+7 (924) 276-36-30,MamaPapa14!,,
https://www.audiotool.com/app/,RomainKarb,MamaPapa10,,
android://Qg1mZd9F9GwlRsSrql5mDRUOnZtRVRpeV_u6EEmzRrejhJ_i6j8h7O6kYMHN0rlwssJ7zWTjogyB58RzejN2yw==@com.rockstargames.gtasa/,romainkarbushev@gmail.com,MamaPapa10,,
https://app.qr-code-generator.com/ru/site/signup/,romainkarbushev@gmail.com,MamaPapa10,,
https://xn--80aanbeohciex.xn--p1ai/auth/login,+7(924) 384 50 58,r17s08e31$RSE,,
https://account.ely.by/register,romainkarbushev@gmail.com,MamaPapa14!,,
https://www.s7.ru/,+7(924)276-36-30,MamaPapa14!,,
http://www.boomlings.com/database/accounts/accountManagement.php,RomanRussia,MamaPapa10,,
https://github.com/session,romainkarbushev@gmail.com,MamaPapa14!,,
http://192.168.1.1/,admin,admin,,
https://webinar.ru/,romainkarbushev@gmail.com,MamaPapa14!,,
https://my.freenom.com/clientarea.php,romainkarbushev@gmail.com,MamaPapa10,,
https://id.sonyentertainmentnetwork.com/id/create_account_ca/,romainkarbushev@gmail.com,MamaPapa10,,
https://google.com/,romainkarbushev@gmailcom,MamaPapa10,,
https://go.skillbox.ru/auth/set-password,MamaPapa10,MamaPapa10,,
android://qbMQCZh-CU_SBn04UFat_bLMSicoFKWYI0MzXmOdBklD5gJcvH42kD8GXA5lvZmtq1ON0Dd8FAT6SLUIlwNUqA==@com.instagram.android/,karbusheva1861,Fyutk2103,,
https://salebot.pro/users/sign_up,romainkarbushev@gmail.com,MamaPapa10,,
https://advego.com/confirm/,Roman_Karbushev,MamaPapa10,,
https://adbooro.com/app/,romainkarbushev@gmail.com,MamaPapa10,,
https://google.com/,romainkarbushev2007,MamaPapa10,,
https://kinoplay2.net/,RoSHkamhik,MamaPapa14!,,
https://eu.restore.media/ru/user/registration,romainkarbushev@gmail.com,MamaPapa14!,,
http://192.168.0.32:4747/,RoSHkam,MP10,,
https://www.exophase.com/register/,RoSHkam,MamaPapa10,,
https://secure.soundcloud.com/,romainkarbushev@gmail.com,Papa!Mama!14!,,
https://my.kaspersky.com/,romainkarbushev@gmail.com,MamaPapa10!,,
https://sms.ru/,89242763630,MamaPapa10,,
https://dpo.fioco.ru/login/signup.php,Любовь210319611,cCVKaTwH!4-csEX,,
https://webjens.ru/main/index,romainkarbushev@gmail.com,MamaPapa10,,
https://playerjs.com/,romainkarbushev@gmail.com,MamaPapa10,,
android://kCyQDzpaoAX2gs-1zdGPKNAeICb8LzRFOxa4NCq0jO8c8d_NFS_q-Y35bU3Nq3GmFV2lLurmNvIZa6YPYZwmWg==@com.pinterest/,romainkarbushev@gmail.com,,,
https://www.xvideos.red/,romainkarbushev@gmail.com,MamaPapa1010,,
https://discord.com/login,romainkarbushev@gmail.com,MamaPapa14!,,
android://t-JIAbWGxTvlX6cu3zTx2u9oty3-dgn5DMkkYZXM-kPr9m7AcRgfs7-mtDn4DenaYAIuMLL8Jw0a-If39R6qjA==@ru.ok.android/,roman-karbushev@ro.ru,MamaPapa10,,
https://www.mobizen.com/password/reset,romainkarbushev@yandex.ru,MamaPapa10,,
android://gVn6riw5j2MlvIdEp0_a4Vq3BpKhgvwvEbwxRpoCdtGzTXlxx9h6bNWhKt2wT1vY4J19zM4FpCYcKTUO0CoSTw==@com.yazio.android/,romainkarbushev@gmail.com,MamaPapa10,,
https://www.calligraphr.com/de/accounts/login/,romainkarbushev@gmail.com,MamaPapa10,,
https://yandex.ru/,site-support@roshkam.tk,AdminRoshkam1357SiteSupport!,,
https://roblox.com/login,RomanKarbushev,MamaPapa10,,
https://vod.divx.com/dwam/home.htm,romainkarbushev@gmail.com,MamaPapa10,,
https://cups.online/ru/login,romainkarbushev@gmail.com,MamaPapa14!,,
https://zadarma.com/ru/tariffs/plans/,romainkarbushev@gmail.com,MamaPapa10,,
android://fHmx8PpiiVPU-OaVdbHJVGFiUCfv3MXCsi3ZQNqdy_N9LxBV0x04f-nt9diu3wzfsQXpZDs4PaTvKQu6jghYiA==@com.zoiper.android.app/,roshkam,MamaPapa10,,
https://freelance.ru/account/reminder/password/form,RoSHkam,MamaPapa14!,,
https://go.skillbox.ru/auth/sign-in,romainkarbushev@gmail.com,MamaPapa10,,
android://UhbMtiAExFNPNceArXxYL07lKDceJ9QVHwVTMl3pzL5rNOxCM_X2QHA1gQU6v-owOXcnLReVhwTYm3cRKSpFaQ==@tunein.player/,romainkarbushev@gmail.com,MamaPapa10,,
https://ok.ru/,79242763630,MamaPapa10,,
https://vk.com/,89242763630,MamaPapa10,,
android://LPJy8iG5NuaQWWmq2XcCB0aP7PqgRCtiQccAI7UQGpo5XA2L5NYDk1Ygqdmr_5lrK1G-I7ap30j8N1OgkHXFEA==@ru.sushi_love.mobileapp/,+7(924) 276-36-30,MamaPapa14!,,
https://scalacube.com/ru/cp,romainkarbushev@gmail.com,MamaPapa14,,
https://sms.ru/,89248048468,MamaPapa10,,
https://poisk.vid.ru/,karbusheval@yandex.ru,fyutk2103,,
https://panel.trademc.org/registration,romainkarbushev@gmail.com,MamaPapa10,,
android://KuAD1SH86_og9J_kEFyjfSk7TpqnnE7EpV3M6xNvhtgg6pasXjKLJCPyxzEUcUSsKlE4MlSqN0YK17t_REn2iQ==@com.vk.im/,romainkarbushev@gmail.com,PapaMama10,,
https://steadyhost.ru/,RoSHkam,r1710.2007!a1711.2007,,
https://app.spline.design/,RoSHkam,MamaPapa10,,
https://lknpd.nalog.ru/auth/register,753800449828,MamaPapa14!,,
android://V1Z-Lc47LNiXX6-rL5aAed7Hp0gOzuEJox2rAGdoTfHVuZuxs6K3CfG4EOadON3p9Lp6e-aRAq3D0mJyn9ka-A==@ru.yandex.mail/,site-support@roshkam.tk,AdminRoshkam1357SiteSupport!,,
http://192.168.0.1/,roshkam,MamaPapa14!,,
https://dpo.fioco.ru/login/forgot_password.php,fyutk2103...___,cCVKaTwH!4-csEX,,
https://yandex.ru/,romainkarbushevslowkam@roshkam.tk,MamaPapa10,,
https://accounts.autodesk.com/User/SignUp,Роман,MamaPapa10,,
https://gosuslugi.ru/,+7 924 5038812,7vvty890=?A,,
https://sms.ru/,89243893625,MamaPapa10,,
https://my.net2ftp.ru/billmgr,Роман,MamaPapa10,,
https://yandex.ru/,karbusheval@yandex.ru,fyutk2103.1961,,
https://educont.ru/login,karbusheva1708@gmail.com,r17s08e31$RSE,,
android://rF2BMtDX6N5uymxwf2Syvpr7kW1gTUHhATVyF8dhrmRE8mvmWQ1KwSOvcxAEnpM52kL_VrS3omH3kq-I6N6SRQ==@com.paypal.android.p2pmobile/,romainkarbushev@gmail.com,MamaPapa10!,,
https://mail.ru/,romainkarbushev@,MamaPapa10!,,
https://online.megarender.com/SignUp.aspx,romainkarbushev@gmail.com,MamaPapa14,,
android://bXBcd6SAqfdbo-16jKUmN_TDcZFAN7BJIBGktibikQrRwaAH2PzZjvHS3fM6okGX1WhjRamqKHYXUkyxk4avWA==@ru.s7.travel/,79242763630,MamaPapa14!,,
https://noip.com/sign-up,romainkarbushev@yandex.ru,MamaPapa14!,,
https://restream.io/login,romainkarbushev@yandex.ru,MamaPapa10,,
https://ok.ru/dk,roman-karbushev@ro.ru,PapaMama14!,,
https://restream.io/signup,Roman Karbushev,MamaPapa10,,
https://dash.cloudflare.com/password-reset,574e1b005e342f265de3847e-3e0bc8af4525fb0b932b84a6a8cf24bf41ceffc7ce2f1181bcfbb3a555f272dce376f6e709a0f3045f345461a9d800e2213efdaa0234dba2cabd7f8cce2203fd034fc208e70fcbcd7e9671b833a0dac965692911af991a69540c3063bdbaf629d257c806f0c1,MamaPapa14!,,
https://pro.selfwork.ru/register,7924276360,MamaPapa14!,,
https://amazon.com/ap/register,romainkarbushev@gmail.com,MamaPapa10,,
https://api.jivosite.com/web/integration/wix/login,romainkarbushev@gmail.com,MamaPapa14!,,
https://sharem.tech/reg,RoSHkam,MamaPapa10,,
android://dBs5P45zrWykfEkS8MFSzBmha6XU0LmtrhZOLBVZKxzWt5LwSL9tJocmzsQs2UoIIwQ7x-SpcyN_2-hq3S-V2A==@ru.megafon.mlk/,79242763630,MamaPapa10,,
https://letyshops.com/,romainkarbushev@gmail.com,MamaPapa10,,
https://account.mojang.com/login,romankarbushev@outlook.com,MamaPapa10,,
https://roshkam.myftp.org/,admin,MamaPapa14!,,
https://yoomoney.ru/yooid/signin/step/password,79242763630,MamaPapa10,,
https://www.karusel-tv.ru/resetting/reset/5VgKKt98NbKJO2P2mUH8156uYfoKpuFpSk2_KgKUV8o,romainkarbushev@gmail.com,MamaPapa10,,
http://base.roservers.com/post.html,admin,MamaPapa14!,,
android://Jzj5T2E45Hb33D-lk-EHZVCrb7a064dEicTwrTYQYGXO99JqE2YERhbMP1qLogwJiy87OsBzC09Gk094Z-U_hg==@com.netflix.mediaclient/,romainkarbushev@gmail.com,MamaPapa10,,
https://accounts.snapchat.com/accounts/passwordreset,romainkarbushev@gmail.com,MamaPapa14!,,
https://www.gtavicecity.ru/cabinet/oauth/identify/,RomanKarbushev,MamaPapa10,,
android://RGlUtI9NY0ps7eW1mdYoROkaZ3iIqThRr1OIJOwe5lqdRX93aUt2TxUUz13PLlTFN5B1C0mMDPyM4BsBic8Fmg==@com.roblox.client/,romainkarbushev@gmail.com,MamaPapa10,,
https://sms.ru/,89245024839,MamaPapa10,,
android://UhbMtiAExFNPNceArXxYL07lKDceJ9QVHwVTMl3pzL5rNOxCM_X2QHA1gQU6v-owOXcnLReVhwTYm3cRKSpFaQ==@me.number.app.im/,romainkarbushev@gmail.com,MamaPapa10,,
android://A9E3LRarcNihncapr7xUxzboXWlAHOYYmgXEzj73w6CPnPOZ1q3v9jECsOzXg-D7JEhTYaF7xX8UF_4BZ9qbeA==@com.king.crash/,romainkarbushev@gmail.com,MamaPapa10,,
https://mineserv.top/bedrock,RoSHkam,MamaPapa10,,
https://motoland-shop.ru/,romainkarbushev@gmail.com,PapaMama14!,,
https://yandex.ru/,romainkarbushevslowkam,MamaPapa10,,
https://login.bitdefender.com/central/signup.html,romainkarbushev@gmail.com,MamaPapa10,,
https://aiijc.com/ru/,romainkarbushev@gmail.com,MamaPapa14,,
https://app.qr-code-generator.com/site/signup/,romainkarbushev@yandex.ru,MamaPapa10,,
https://lostgamer.io/login,romainkarbushev@gmail.com,MamaPapa10,,
https://bolshayaperemena.online/auth/signup,romainkarbushev@gmail.com,MamaPapa10,,
https://new-portal.plusofon.ru/signup-user,romainkarbushev@gmail.com,MamaPapa10,,
https://cp.puzzlebot.top/login,romainkarbushev@gmail.com,MamaPapa10,,
https://www.cerberusapp.com/,RoSHkam,MamaPapa10,,
https://auth.nris.ru/registration,romainkarbushev@gmail.com,MamaPapa14,,
https://m.byxatab.com/index.php,RoSHkam,MamaPapa14,,
https://tlauncher.org/ru/change/,romainkarbushev@gmail.com,MamaPapa14,,
https://appleid.apple.com/manage/section/security/edit,Apple system,MamaPapa10!,,
android://UhbMtiAExFNPNceArXxYL07lKDceJ9QVHwVTMl3pzL5rNOxCM_X2QHA1gQU6v-owOXcnLReVhwTYm3cRKSpFaQ==@com.nexstreaming.app.kinemasterfree/,romainkarbushev@gmail.com,MamaPapa10,,
https://minecraft.tools/en/create-account.php,romainkarbushev@gmail.com,MamaPapa10,,
android://V1Z-Lc47LNiXX6-rL5aAed7Hp0gOzuEJox2rAGdoTfHVuZuxs6K3CfG4EOadON3p9Lp6e-aRAq3D0mJyn9ka-A==@ru.yandex.searchplugin/,romainkarbushev,MamaPapa14!,,
https://live.com/,roshkamushka@outlook.com,MamaPapa14!,,
https://live.com/,+7 924 276-36-30,MamaPapa10,,
https://account.asus.com/ru/signup_setpd.aspx,romainkarbushev@gmail.com,MamaPapa14!,,
https://accounts.autodesk.com/User/SignUp,РоманKarbushev,MamaPapa10,,
https://gosuslugi.ru/,9245024839,r17s08e31$RSE,,
https://auth0.openai.com/u/signup/password,romainkarbushev@gmail.com,PapaMama14!,,
https://dashboard.tawk.to/signup,romainkarbushev@gmail.com,MamaPapa10,,
https://sberbank.ru/,W4831175328,IRY46Y85,,
https://educont.ru/profile/edit/child-account/405650ab-00cb-4843-a2c1-55d30d750583/c174490d-1f02-47fb-b072-146ca967caa8,RoSHkam,MamaPapa14!,,
https://login.nvgs.nvidia.com/ru-RU/profile-management/reset-password,romainkarbushev@gmail.com,MamaPapa14!,,
https://megabonus.com/user/settings,romainkarbushev@gmail.com,MamaPapa14!,,
https://educont.ru/registration,karbusheval@yandex.ru,Lubov1961!,,
https://yandex.ru/,karbu,MamaPapa14!!,,
https://3ddd.ru/register/register,RomaKarbushev,MamaPapa10,,
https://www.npmjs.com/signup,romainkarbushev,PapaMama14!,,
android://V1Z-Lc47LNiXX6-rL5aAed7Hp0gOzuEJox2rAGdoTfHVuZuxs6K3CfG4EOadON3p9Lp6e-aRAq3D0mJyn9ka-A==@com.yandex.searchapp/,romainkarbushev,MamaPapa14!,,
https://immers.cloud/signin/,RoSHkam,MamaPapa14!,,
https://www.instagram.com/accounts/emailsignup/,karbusheva1861,Fyutk2103,,
https://polus.atom.online/auth/auth.php,+7(924) 276-3630,MamaPapa10,,
https://connect.ubisoft.com/link,romainkarbushev@gmail.com,MamaPapa14!,,
https://yandex.ru/,номер забудет,MamaPapa10,,
https://xn--90acagbhgpca7c8c7f.xn--p1ai/,Забайкальский край,MamaPapa14!,,
https://yandex.ru/,romainkarbushev@gmail.com,MamaPapa10,,
https://ucoz.ru/createsite,115,MamaPapa14,,
https://google.com/,karbuseval5,Lubov1961!,,
https://ruvoip.net/register/,roshkam,MamaPapa10,,
https://otzovik.com/postreview.php,RoSHkam,MamaPapa10,,
android://h90_EaxPwhZm4hRtAkG-01_qhZjrDq_1RkOJTRFQ6xFEtijP38ftmWgtPp3AzqvC_sHUOYHMoy-MSYtUBVUtfQ==@ru.cardsmobile.mw3/,+7 (924) 276-36-30,MamaPapa10,,
https://account.otoy.com/sign_up,RoSHkam,MamaPapa10,,
https://xn--d1axz.xn--p1ai/registration/data,romainkarbushev@gmail.com,MamaPapa10,,
https://region.zabedu.ru/,Дарьин,123456,,
https://lostgamer.io/register,RoSHkam,MamaPapa10,,
https://gosuslugi.ru/,+7 924 3893625,Lubov1961!,,
https://xn--80ajnaldhgc0ai3d.xn--p1ai/auth/registration/,karbusheva1708@gmail.com,r17s08e31$RSE,,
https://yandex.ru/,notifications,AdminRoshkam1357Notifications!,,
https://4pda.ru/forum/index.php,romainkarbushev,MamaPapa10,,
https://appleid.apple.com/auth/authorize,romainkarbushev@gmail.com,MamaPapa10!,,
android://2OObty_gC5nfDChCMatdlQ2VpIqi6Kd9E2NDSyqpaujcZDy9GxOHfojOvK1UQ6IZQmFy8WCcGGEZLJrbK4tXDg==@moonbear.PocketBuild/,romainkarbushev@gmail.com,MamaPapa10,,
https://wildberries.faktura.ru/elf/app/main,,MamaPapa14!,,
https://ru.wordpress.com/wp-login.php,romainkarbushev,MamaPapa14!,,
https://www.daz3d.com/get_studio,romainkarbushev@gmail.com,MamaPapa10,,
https://bike4you.ru/auth/registration/,romainkarbushev@gmail.com,PapaMama14!,,
https://www.looperman.com/account/register,romainkarbushev@gmail.com,MamaPapa14!,,
https://sms.ru/,89144855519,MamaPapa10,,
android://FEffgxRAMF4tXrLJW8G_5lwnBMO1VtlQM9TkQJ2tGBF-4Qm-ItWN9JayOs8qJRGNA6dJ3HI3eqXWaHtHh25Iog==@cc.leet.free/,romainkarbushev@gmail.com,MamaPapa10,,
https://ps.fhgdps.com/phpmyadmin/,gdps_roshkamnik10,MamaPapa10,,
https://cults3d.com/ru/polzovateli/sozdanie,RoSHkam,MamaPapa14!,,
https://ok.ru/,rkl2103,Fyutk2103,,
https://account.viber.com/ru/create-account/,romainkarbushev@gmail.com,Fyutk2103,,
https://autism-frc.ru/users/sign_up,karbusheval@yandex.ru,fyutk2103,,
https://newschool.pcbl.ru/auth/realms/EduPowerKeycloak/login-actions/required-action,karbusheva-lyubov,Lubov1961!,,
android://SejujB0zWQ8cOfBHTGa5NsTwy1_d72hSRVdvBwRlDCIa4DMsHlfzCk19otxvU1dg3zO4Iq5QKn-zw_2Hi10MBQ==@com.avito.android/,romainkarbushev@gmail.com,MamaPapa14!,,
https://profile.callofduty.com/,romainkarbushev@gmail.com,MamaPapa10,,
https://1wwm.top/bets/home,,MamaPapa10,,
http://base.roservers.com/authorization/register.php,suka,123,,
http://95.141.198.238/,rsload.net,rsload.net,,
android://7fmduHKTdHHrlMvldlEqAIlSfii1tl35bxj1OXN5Ve8c4lU6URVu4xtSHc3BVZxS6WWJnxMDhIfQN0N0K2NDJg==@com.google.android.gm/,roshkam@roshkam.tk,MamaPapa10,,
android://RGlUtI9NY0ps7eW1mdYoROkaZ3iIqThRr1OIJOwe5lqdRX93aUt2TxUUz13PLlTFN5B1C0mMDPyM4BsBic8Fmg==@com.roblox.client/,SergKarbushev,MamaPapa10,,
http://95.141.193.17/,rsload.net,rsload.net,,
https://yandex.ru/,news,AdminRoshkam1357News!,,
https://www.xvideos.com/account/lostpassword/14b4e40f40204840bDOaiU475OiI2TYYRmOtJE72sXIsN-Y0_SVehIIOWdd1ueCc4d99xqy_KjsfblSH,,MamaPapa10,,
https://hilok-kalinina.sushi-love.ru/login/,+7 (924) 276-36-30,MamaPapa14!,,
https://app.moises.ai/__/auth/action,,Boom1234,,
https://ok.ru/dk,karbusheval@yandex.ru,Lubov1961,,
https://yandex.ru/,errormesage,AdminRoshkam1357ErrorMesage!,,
https://bonusmall.ru/index1.php,romainkarbushev@gmail.com,MamaPapa10,,
https://login.teamviewer.com/LogOn,romainkarbushev@gmail.com,MamaPapa10,,
https://golden-mines.biz/login,romainkarbushev@gmail.com,MamaPapa10,,
https://freedns.afraid.org/signup/,romainkarbushev@yandex.ru,MamaPapa14!,,
https://www.reddit.com/account/sso/link/,Sad_Significance_849,MamaPapa14!,,
http://127.0.0.1/login/register.php,RoSHkam,MamaPapa14,,
https://google.com/,roshkamun,MamaPapa10,,
https://google.com/,romainkarbushev2007@gmail.com,MamaPapa14,,
http://testopencart/admin/,opencart-engine,MamaPapa14!,,
https://hd.kinoplay.site/,RoSHkamhik,MamaPapa14!,,
https://fl.ru/account/registration/,romainkarbushev@mail.ru,0Mama0Papa0140!!!,,
https://rich-birds.cash/signup,RoSHkam,p2D-XGg-gRj-8jW,,
https://web.telegram.org/,+7 924 276 36 30,MamaPapa14!,,
https://epicgames.com/id/login/epic,romainkarbushev@gmail.com,MamaPapa10,,
http://base.roservers.com/authorization/login.php,dura1,123,,
http://base.roservers.com/robank/bank-machine/hilok/br71-street/UID/GIGFJ74747/form.php,111,111,,
https://goodgame.ru/landingforstreamers,romainkarbushev@gmail.com,MamaPapa14!,,
https://rich-birds.cash/signin,romainkarbushev@gmail.com,p2D-XGg-gRj-8jW,,
https://newgrounds.com/passport/mode/iframe/appsession/76702940.4f7e47a3e4ae167b69f59d91333f52289b08454d954614/signup/new,RoSHkam,MamaPapa14!,,
https://nicehash.com/my/register,romainkarbushev@gmail.com,MamaPapa14!,,
http://base.roservers.com/authorization/register.php,pisa.,123,,
http://base.roservers.com/authorization/register.php,pisa,123,,
http://base.roservers.com/authorization/login.php,pisk,123,,
http://base.roservers.com/authorization/register.php,RoSHkam1,123,,
http://base.roservers.com/authorization/register.php,Natali,123,,
http://base.roservers.com/authorization/register.php,NataliChka,123,,
https://app.linkfire.com/,KARBUSHEV,MamaPapa14!,,
https://instagram.com/accounts/login/,romainkarbushev@gmail.com,MamaPapa11,,
https://at-forum.ru/ucp.php,romainkarbushev@gmail.com,qwerty,,
https://at-forum.ru/ucp.php,RoSHkam,qwerty,,
https://gaytorrent.ru/login.php, RoSHkam,MamaPapa1010,,
https://nebula.starbreeze.com/auth/login,romainkarbushev@gmail.com,MamaPapa14!,,
https://steampowered.com/,m21steel,123321abcdef,,
https://id.tinkoff.ru/auth/step,,MamaPapa10,,
https://pythonanywhere.com/registration/register/beginner/,RoSHkam,MamaPapa14!,,
https://id.amvera.ru/auth/realms/amvera/login-actions/registration,RoSHkam,MamaPapa14!,,
http://base.roservers.com/authorization/register.php,кпкк,321,,
https://moneta.ru/login.htm,romainkarbushev@gmail.com,MamaPapa14!,,
http://base.roservers.com/authorization/register.php,123231,123,,
https://online.moysklad.ru/registration,romainkarbushev@gmail.com,MamaPapa14!,,
https://panel.teletype.app/registration/profile/QvOubDz1xpH_rXhb_OYHHdUUAuDc4fpmKKJWKfzdHDndyLMcGD_AF07sWlfWAVkZ,romainkarbushev@gmail.com,MamaPapa14!,,
http://base.roservers.com/ADMIN_PANEL/login.php,ADMIN_PANEL_BY_sROSHKAM,2,,
http://base.roservers.com/ADMIN_PANEL/login.php,ADMIN_PANEL_BY_ROSHKAM,123,,
http://base.roservers.com/authorization/new_password.php,RoSHkam,123,,
https://rubukkit.org/login/login,RoSHkam,MamaPapa14!,,
https://beget.com/,c9242780,uqFXh17u,,
http://127.0.0.1/openserver/phpmyadmin/index.php,root_minecraft,minecraft,,
https://billing.king-host.ru/billmgr,romainkarbushev@gmail.com,MamaPapa14!,,
https://hosting.anetron.com/billmgr,romainkarbushev@gmail.com,MamaPapa14!,,
https://lg-host.ru/,romainkarbushev@gmail.com,MamaPapa14!,,
